";Jorge;Park;200;ASESOR;"
";Pedro;Wiggins;201;ASESOR;"
";Manuel;Calderon;202;ASESOR;"
";Robert;Boone;203;PILOT;"
";Baker;Whitley;204;ASESOR;"
";Herman;Tanner;205;PILOT;"
";Solomon;Valenzuela;206;ASESOR;"
";Eagan;Mcintyre;207;ASESOR;"
";Hop;Francis;208;PILOT;"
";Raya;Castillo;209;ASESOR;"
";Kaye;Gallegos;210;ASESOR;"
";Barrett;Combs;211;PILOT;"
";Xyla;Munoz;212;ASESOR;"
";Steven;Leonard;213;ASESOR;"
";Sheila;Romero;214;PILOT;"
";Jerome;Dunn;215;ASESOR;"
";Ariana;Oconnor;216;ASESOR;"
";Medge;Herman;217;ASESOR;"
";Lawrence;Hopper;218;ASESOR;"
";Urielle;Clark;219;PILOT;"
";Rebecca;Owens;220;PILOT;"
";Ifeoma;Chambers;221;PILOT;"
";Amal;Castro;222;ASESOR;"
";Shana;Gordon;223;PILOT;"
";Joseph;Abbott;224;ASESOR;"
";Miriam;Charles;225;ASESOR;"
";Timon;Arnold;226;ASESOR;"
";Kay;Flowers;227;ASESOR;"
";Tanek;Glover;228;ASESOR;"
";David;Rodriguez;229;ASESOR;"
";Tate;Quinn;230;PILOT;"
";Ronan;Walsh;231;ASESOR;"
";Amelia;Preston;232;ASESOR;"
";Clinton;Mcclure;233;PILOT;"
";Wendy;Edwards;234;PILOT;"
";Wanda;Potter;235;ASESOR;"
";Richard;Wells;236;PILOT;"
";Rodolfo;Huaman;237;PILOT;"
";Iris;Merrill;238;ASESOR;"
";Ria;Evans;239;PILOT;"
";Tallulah;Mack;240;ASESOR;"
