";Christopher;Ramos;2;ramos@gmail.com;AEROLINEA;LATAM;"
";Juan;Poquioma;4;poquioma@gmail.com;SUPERVISOR;LATAM;"
";Eduardo;Escalante;5;escalante@hotmail.com;MIGRACION;LATAM;"
";Armando;Valencia;8;valencia@gmail.com;ADMINISTRADOR;STAR PERU;"
";Sandro;Rice;9;quis.lectus@Nunc.org;CLIENTE;LATAM;"
";Harrison;Valenzuela;10;mus.Aenean@milorem.com;AEROLINEA;STAR PERU;"
";Maris;Saunders;11;Aliquam.gravida@pharetrafelis.net;MIGRACION;LATAM;"
";Abel;Finch;12;eu.tellus@arcu.net;CLIENTE;UNITED AIRLINES;"
";Jorge;Cabrera;13;fringilla.est.Mauris@odioauctor.com;SUPERVISOR;AVIANCA;"
";Judith;Doyle;14;iaculis@perinceptoshymenaeos.net;MIGRACION;LATAM;"
";Andres;Sellers;15;Donec.luctus@nequesedsem.co.uk;SUPERVISOR;AZUL AIRLINES;"
";Linda;Scott;16;cursus@elitdictum.net;AEROLINEA;AZUL AIRLINES;"
";Otto;Bradley;17;urna.suscipit.nonummy@elementumpurus.edu;ADMINISTRADOR;SKY AIRLINE;"
";Lars;Farmer;18;ornare.tortor@nec.co.uk;CLIENTE;TAME;"
";Miriam;Case;19;hendrerit@tinciduntnuncac.ca;AEROLINEA;LATAM;"
";Dai;Joyner;20;ipsum@enimNuncut.net;ADMINISTRADOR;TAME;"
";Irene;Stephens;21;scelerisque@tristique.edu;AEROLINEA;UNITED AIRLINES;"
";Aladdin;Yates;22;lorem.lorem@nisl.edu;AEROLINEA;STAR PERU;"
";Nicole;Skinner;23;Proin.dolor@sodales.com;MIGRACION;AVIANCA;"
";Peter;Barlow;24;Cras.eu@dolorvitaedolor.edu;CLIENTE;SKY AIRLINE;"
";Denton;Duke;25;nunc.nulla@velconvallisin.org;MIGRACION;AVIANCA;"
";Xenos;King;26;molestie.orci.tincidunt@bibendum.com;ADMINISTRADOR;AVIANCA;"
";Zia;Hansen;27;nulla@eueros.ca;AEROLINEA;LATAM;"
";Anthony;Hampton;28;sollicitudin@augueidante.net;ADMINISTRADOR;UNITED AIRLINES;"
";Dorothy;Townsend;29;purus.sapien@Fusce.edu;ADMINISTRADOR;LATAM;"
";Judah;Pugh;30;vitae@egestasrhoncusProin.co.uk;AEROLINEA;STAR PERU;"
";Goku;Patterson;31;aliquet@tellusAeneanegestas.org;CLIENTE;UNITED AIRLINES;"